Month,Short-term Visitors arriving - Under 1 week,Short-term Visitors arriving - Over 1 and under 2 weeks,Short-term Visitors arriving - Over 2 weeks and under 1 month,Short-term Visitors arriving - Over 1 and under 2 months,Short-term Visitors arriving - Over 2 and under 3 months,Short-term Visitors arriving - Over 3 and under 6 months,Short-term Visitors arriving - Over 6 and under 12 months,Short-term Visitors arriving - Total,Short-term Visitors arriving - Convention/conference,Short-term Visitors arriving - Business,Short-term Visitors arriving - Visiting friends/relatives,Short-term Visitors arriving - Holiday,Short-term Visitors arriving - Employment,Short-term Visitors arriving - Education,Short-term Visitors arriving - Other & not stated,Short-term Visitors arriving - Total
Jan-91,44470,47940,30700,19730,8020,9580,16980,177410,1730,13650,28790,108880,2610,9860,11900,177410
Feb-91,43590,51050,38500,23950,7950,8740,16810,190570,3670,18300,35250,109100,1670,10890,11690,190570
Mar-91,42460,57720,44380,22030,6680,7170,8750,189180,1990,18610,40060,111670,1650,3690,11510,189180
Apr-91,47890,49450,30960,19440,5050,6130,9080,168000,2140,20880,33930,96700,2650,4190,7520,168000
May-91,53400,47270,31870,13050,4160,5380,6270,161400,2870,17810,30210,96510,2550,2830,8630,161400
Jun-91,51090,47890,35540,18930,6100,5720,6970,172230,10450,18670,33680,97410,2080,3270,6670,172230
Jul-91,54820,53570,49390,28230,5100,7050,10150,208310,3620,18060,39170,129350,2170,7380,8560,208310
Aug-91,56410,60990,49130,16390,3710,5200,7470,199310,2460,18610,35630,127160,2240,3860,9330,199310
Sep-91,55550,55940,43670,19610,5430,7550,9600,197360,3640,17840,38130,123140,2570,4000,8040,197360
Oct-91,57470,67280,44110,22830,6070,8270,9930,215970,3290,22610,38820,136330,2590,3510,8810,215970
Nov-91,60870,69610,41030,21680,8430,12160,10070,223860,4620,23480,45180,136520,2310,1990,9770,223860
Dec-91,58460,68820,59260,49370,10680,10810,9350,266750,2290,13340,75080,162720,1860,1970,9500,266750
Jan-92,57260,51970,32260,21540,8120,9300,15650,196090,1410,13860,32630,124450,2980,10020,10740,196090
Feb-92,63810,67540,44620,27650,8630,9520,16490,238250,2360,22290,39510,148630,1900,13500,10050,238250
Mar-92,61330,67570,42060,25400,6970,6580,7890,217800,3360,24100,39050,135750,2300,3060,10170,217800
Apr-92,62430,57490,41770,21880,6330,6630,7290,203830,2520,18870,42540,122370,2090,4700,10740,203830
May-92,61780,51770,32240,13300,4340,6000,5800,175220,2900,21880,30100,105150,1860,2610,10730,175220
Jun-92,63310,43740,32210,20300,6050,5360,5980,176940,1530,17690,31010,111350,1900,2920,10540,176940
Jul-92,65140,52000,48490,28620,5880,7960,11160,219260,3300,18340,39860,131490,1900,10200,14170,219260
Aug-92,61710,60350,43730,17600,3760,5800,6140,199080,2810,20020,31420,125830,1760,3280,13960,199080
Sep-92,60060,55780,35250,19640,4180,7400,7700,190020,3840,19350,34520,116360,1410,2950,11580,190020
Oct-92,60570,73490,43870,26700,7240,9390,8080,229320,3250,21970,40620,144770,1680,3930,13110,229320
Nov-92,70960,82700,45300,25440,9210,12740,8700,255040,3380,25210,48770,160320,2150,1960,13250,255040
Dec-92,71510,84160,68770,49730,10910,11020,6300,302400,1670,12750,79480,188940,1750,2200,15620,302400
Jan-93,76320,73250,37710,23470,8580,9710,13720,242760,1640,15510,36730,160490,2460,10330,15600,242760
Feb-93,72100,67980,41820,28490,8110,9180,17760,245460,3480,23230,39390,146830,2010,14870,15660,245460
Mar-93,75470,81500,50260,27950,8580,7010,7180,257950,3160,25390,49020,160410,1910,2850,15210,257950
Apr-93,72950,71400,41180,21980,5540,5580,7690,226320,4360,20920,42350,138750,1750,4360,13830,226320
May-93,71120,72400,38930,15510,3940,6280,5230,213410,11050,22440,33620,129280,1560,2680,12770,213410
Jun-93,72690,58670,34780,20820,5750,6080,5800,204580,2450,19480,32950,131770,1520,3330,13080,204580
Jul-93,67460,61620,55880,33750,5500,8160,12250,244620,4330,20360,41290,148930,2160,12790,14760,244620
Aug-93,80980,74340,48450,19440,3830,5800,7090,239930,2040,23100,38950,154880,2030,3720,15220,239930
Sep-93,72360,67170,41240,22410,5500,7120,8220,224030,7000,22510,38880,134740,2320,3660,14920,224030
Oct-93,78230,83200,51600,27380,7260,9910,9630,267220,4030,28240,43260,174330,2230,5400,9740,267220
Nov-93,85020,91140,50290,26560,10770,13500,8640,285910,4420,31000,49190,185390,2060,2510,11340,285910
Dec-93,80590,101260,79520,50740,12790,11820,7330,344040,2240,16200,84910,224360,2020,2220,12090,344040
Jan-94,74310,67680,42980,27030,10240,11690,16600,250530,1620,19840,42230,158410,3570,13140,11710,250530
Feb-94,87870,97490,49500,30150,9170,10710,19400,304280,3950,29110,43600,197140,2580,16600,11290,304280
Mar-94,89960,104860,59170,29470,7970,8200,7770,307400,5890,31010,53810,198130,2410,3800,12350,307400
Apr-94,80340,84160,44440,22540,6840,7830,8990,255130,5230,28060,41990,159660,3050,6600,10530,255130
May-94,77130,71870,33320,14660,5080,6570,6310,214940,2860,28760,31860,136890,2100,3460,9020,214940
Jun-94,81630,66650,38880,21050,7950,7710,7060,230940,3070,25870,38460,148020,1910,4570,9030,230940
Jul-94,78360,74180,60580,35850,9690,10100,13760,282510,5000,27410,44460,176030,2850,15380,11390,282510
Aug-94,89770,86800,49990,20130,4680,5930,8140,265430,3360,26680,36590,180890,2610,3930,11370,265430
Sep-94,77010,80510,47010,23330,6240,9560,10310,253970,10960,25610,47920,147650,1380,4420,16040,253970
Oct-94,83640,98810,55990,30320,9300,11740,11790,301590,10820,29750,55660,180590,1710,6380,16690,301590
Nov-94,93900,100100,52810,27560,11610,14840,10180,311000,8750,32010,61950,188450,1500,2640,15690,311000
Dec-94,86710,118160,89430,55760,12520,13170,8260,384010,3420,17810,106480,237110,1350,2460,15370,384010
Jan-95,91310,89690,50990,31710,10910,12700,16440,303760,3070,21130,54810,189210,2350,12350,20830,303760
Feb-95,90850,99500,53940,30480,9650,12430,22190,319050,8600,29090,54960,185790,1570,20420,18620,319050
Mar-95,100690,103400,54260,28670,8110,9350,9070,313540,7560,33620,56270,193960,1890,4210,16030,313540
Apr-95,88390,95480,55490,26640,8590,9920,9640,294160,5580,26840,62810,175430,1880,6800,14820,294160
May-95,93720,77820,37130,15840,4600,7890,7820,244810,6780,29940,38070,150620,1670,3800,13940,244810
Jun-95,90660,76410,45210,22270,9230,9200,8470,261440,6590,25270,48130,157310,1900,5780,16460,261440
Jul-95,95160,89900,67480,37830,10130,12120,17120,329740,9530,33720,53370,193710,1860,19620,17920,329740
Aug-95,103030,101690,57600,20940,5040,8840,7770,304900,7870,40360,44810,190720,1660,4550,14940,304900
Sep-95,85690,83490,47760,22970,6640,10280,11740,268570,9450,28830,52630,154660,1750,5540,15700,268570
Oct-95,92740,104350,56750,30480,10180,12900,13260,320660,12150,33710,57280,191740,1950,7640,16190,320660
Nov-95,108560,108370,55310,29720,12390,15980,12610,342930,9460,36330,63810,212620,1650,3570,15500,342930
Dec-95,103850,128120,93680,57600,13800,15600,9620,422260,3070,22150,113190,261780,1540,3500,17030,422260
Jan-96,97510,87860,51350,29700,12180,15850,22760,317210,4290,27180,57800,187330,2650,19590,18360,317210
Feb-96,114170,132950,63340,33610,9930,13970,24700,392690,8080,31860,61550,247960,1970,24090,17170,392690
Mar-96,108380,122620,68910,32370,8720,11300,13250,365550,9210,37530,68070,223120,1990,9060,16570,365550
Apr-96,105690,114760,56800,25130,9060,10280,11490,333200,13040,31980,63930,196700,2150,9330,16060,333200
May-96,101920,81600,40150,16890,4910,8230,7830,261510,7800,32050,44550,157600,1360,4650,13510,261510
Jun-96,99960,97710,55920,24530,10070,9940,8810,306930,9250,32170,56500,182720,1790,7190,17320,306930
Jul-96,102610,99120,73790,36970,9320,15200,21220,358230,10340,32350,59230,207880,2250,25930,20250,358230
Aug-96,110210,108860,62830,23100,5800,8800,9650,329240,9130,32400,52810,208880,1690,6470,17850,329240
Sep-96,96940,99220,57140,24910,7890,12230,10830,309160,12330,32340,57660,182390,1720,6710,16010,309160
Oct-96,105910,112920,62460,30710,10300,13920,14150,350360,12480,38010,64920,205690,2250,8870,18140,350360
Nov-96,114090,117970,63720,34020,13790,18580,13400,375570,12830,39680,74310,225030,2060,4850,16800,375570
Dec-96,116780,137990,103030,67070,14140,16610,9550,465180,4110,24400,119920,293080,1800,4310,17570,465180
Jan-97,102300,89900,59640,33710,13720,17730,25890,342890,5450,28670,62700,199230,3210,23070,20560,342890
Feb-97,122090,134540,63340,35410,9870,13950,28770,407960,6290,38430,61900,253580,1850,26850,19060,407960
Mar-97,123840,123620,74450,32020,10180,13290,13500,390900,10300,37810,74470,236490,2310,10140,19380,390900
Apr-97,118380,99560,52980,23250,8630,11080,12010,325900,8720,38020,60160,187490,2100,9650,19760,325900
May-97,118260,89420,42400,16170,5680,8570,8590,289100,9580,38230,45690,169950,1710,5110,18820,289100
Jun-97,103910,93250,55490,25920,9640,10800,9160,308180,13790,33830,55150,176850,2640,8000,17920,308180
Jul-97,117060,108340,79920,40530,10780,16960,23760,397360,11590,36300,65250,227840,2430,29450,24500,397360
Aug-97,109860,106610,63570,21940,6760,10400,11300,330430,7950,36720,53830,202510,2470,7550,19400,330430
Sep-97,109570,101290,59650,25260,7720,13460,13990,330940,11220,37150,62490,189070,2390,6680,21940,330940
Oct-97,113350,114750,64690,30880,11250,15640,15920,366480,11720,39420,69320,211970,2500,9220,22330,366480
Nov-97,123120,114450,64870,32120,12830,17920,14130,379460,12530,43320,74340,220320,2850,4230,21870,379460
Dec-97,101510,127450,112640,65390,15400,16030,9870,448280,3500,28190,132290,259200,2110,3560,19420,448280
Jan-98,92330,105800,64110,33410,12880,14980,22710,346230,4450,30550,66590,198470,3030,17800,25340,346230
Feb-98,100150,96180,61890,35780,10700,16050,32860,353610,6690,40520,66320,188220,2730,30320,18810,353610
Mar-98,101320,100070,68790,34860,9210,12630,11670,338560,8760,44580,73880,182330,1900,7640,19470,338560
Apr-98,104420,110870,65310,27290,9170,11990,12030,341080,7560,35480,78490,189410,2440,8360,19340,341080
May-98,105070,87390,44810,19830,6800,10400,9090,283400,8710,39530,52340,159070,2340,4900,16510,283400
Jun-98,101220,88180,56680,26770,10060,11230,10040,304190,5200,34440,59380,175110,1970,7420,20670,304190
Jul-98,90350,114110,83090,37740,10200,15310,21510,372300,10530,32780,62270,183910,3480,25460,53870,372300
Aug-98,92760,110060,69620,24080,6140,10130,10880,323680,7450,34010,51160,168490,3740,7660,51160,323680
Sep-98,93940,110050,59490,24360,8000,13570,14450,323860,11080,28620,51120,130290,3280,6040,93440,323860
Oct-98,96090,118890,69020,30440,11150,14140,15030,354750,15770,41040,69650,186780,3990,9450,28080,354750
Nov-98,101460,115020,71150,34360,15030,17240,13650,367910,11480,42160,81320,199600,3610,4950,24780,367910
Dec-98,92100,132650,126140,63930,15060,16680,11080,457640,3960,26640,129920,256890,3490,4780,31970,457640
Jan-99,87510,105840,64720,34630,13620,18920,25740,350980,4650,31760,69270,186890,5300,21890,31210,350980
Feb-99,106200,127150,72130,35180,11420,15950,30540,398570,6720,38850,66560,226640,3760,29320,26710,398570
Mar-99,107060,126210,84540,34410,10090,13060,13650,389020,9150,40280,82060,219680,3420,8370,26050,389020
Apr-99,99200,116040,61920,22730,7980,13290,12990,334130,13610,34540,63050,184200,3520,9440,25770,334130
May-99,102240,99880,48880,19300,7200,10460,10160,298130,9500,42300,51020,160780,3030,6620,24890,298130
Jun-99,97940,101800,60650,24280,10770,10690,10920,317060,4960,33820,59860,177990,3840,9670,26910,317060
Jul-99,85290,118470,91580,41660,11620,15560,24260,388460,10620,35720,67640,205830,4200,29290,35140,388460
Aug-99,106520,116800,76800,26060,6770,11440,11220,355610,9260,37990,56710,212200,3610,7520,28320,355610
Sep-99,102720,112760,71730,28290,8920,14430,14290,353130,11470,36580,66990,197950,3670,7510,28970,353130
Oct-99,105260,123130,83270,37830,12090,16660,18740,396980,12150,37920,76970,221780,3420,10810,33940,396980
Nov-99,121650,128290,77060,34180,15540,21920,18020,416670,11380,44230,83620,236990,3870,5800,30770,416670
Dec-99,95500,126610,116400,71010,17980,18790,14490,460780,3600,26960,120680,271780,2940,6490,28320,460780
Jan-00,95070,98040,71910,35260,14070,17780,28680,360800,6500,29620,66130,195370,4720,22870,35590,360800
Feb-00,120950,129280,79060,38780,12100,18580,35850,434590,8430,41700,74280,241430,3530,33240,31990,434590
Mar-00,128710,130740,79620,31970,9860,16780,14170,411860,10390,45380,76300,235190,3750,9140,31700,411860
Apr-00,113080,135800,89960,27860,9070,15280,14570,405620,11100,38330,87740,221680,3900,9840,33030,405620
May-00,113480,99020,52500,19870,8540,13040,12890,319350,11590,44660,57480,166130,3490,9100,26910,319350
Jun-00,106000,111080,64670,26630,11600,13010,14950,347940,9760,39780,69630,184170,3240,11530,29830,347940
Jul-00,102460,126920,98090,42860,12270,18530,27890,429030,12930,42970,76530,214190,4530,34570,43300,429030
Aug-00,105550,121000,76160,29620,9820,13940,16760,372850,8750,39910,70280,205540,5170,8280,34930,372850
Sep-00,93820,127910,100950,38670,9660,15740,16220,402970,12810,41510,61460,204850,6420,11530,64380,402970
Oct-00,113720,133310,91300,36710,12650,18350,20480,426510,17380,45800,83230,221080,4190,14650,40180,426510
Nov-00,137490,147440,89570,34370,12710,19920,18400,459910,17460,46620,92200,255250,4120,7770,36500,459910
Dec-00,115150,160870,158840,73580,18010,18990,14490,559930,8950,28220,162660,312220,3320,7760,36810,559930
Jan-01,107100,126320,78290,38240,15440,19960,31260,416600,6090,31650,81190,226670,5540,26570,38900,416600
Feb-01,114340,119530,83240,38650,12290,21750,39400,429200,9060,43240,80470,218260,4600,39980,33590,429200
Mar-01,126370,138210,84780,35620,10920,16090,16760,428750,13460,42100,90260,233250,3890,13460,32340,428750
Apr-01,114800,141180,83530,28250,9340,13900,14370,405380,12230,35970,90930,217510,3490,13620,31620,405380
May-01,112870,111960,55530,19310,7240,11290,11990,330180,13110,38820,61450,176540,3240,7700,29310,330180
Jun-01,109970,116290,79320,28800,10550,12770,12310,370020,8800,33280,69910,207230,3190,15760,31840,370020
Jul-01,96470,135640,108840,47270,11000,18190,29480,446880,14740,37060,70290,212160,4900,42220,65510,446880
Aug-01,116170,125200,83130,25430,7420,12020,15220,384590,8300,38810,59800,194860,4690,11730,66400,384590
Sep-01,96840,122650,73580,27500,10020,17630,18090,366290,16840,30620,65710,173590,5530,10510,63490,366290
Oct-01,94770,119390,80530,33370,12680,16440,21280,378470,14070,38520,64210,176250,6780,13350,65290,378470
Nov-01,101390,112400,77400,33190,14800,19820,17190,376190,11020,37730,72340,188780,5030,6950,54330,376190
Dec-01,109760,141110,149310,73090,16930,18290,14700,523190,7910,26670,135800,259170,5910,7780,79950,523190
Jan-02,98260,99790,72560,36810,15620,22600,33650,379290,4910,30370,65220,172640,9030,29120,68000,379290
Feb-02,117420,127660,82580,38210,12940,21750,36670,437240,8640,37730,68140,206350,7210,36960,72210,437240
Mar-02,126360,132630,99820,36950,11890,17490,21360,446500,10010,39030,87700,213240,9570,16450,70490,446500
Apr-02,113180,116560,62200,26200,9510,16020,16640,360310,15730,40130,63200,178310,8500,13170,41270,360310
May-02,117800,106640,51140,19190,8710,14440,12010,329950,15250,39060,45680,159200,6530,9190,55030,329950
Jun-02,98170,106750,63940,27600,13890,14270,14770,339390,7270,33390,56630,161860,5650,14150,60440,339390
Jul-02,95710,118030,98430,42660,12360,19300,31680,418160,13950,36490,61160,183520,5650,44900,72490,418160
Aug-02,112760,120280,74850,24260,7790,14820,17170,371940,9160,34330,50840,189080,6410,13720,68400,371940
Sep-02,102350,111820,67230,28020,9980,18700,20470,358570,13850,35910,57640,166980,6590,11080,66530,358570
Oct-02,122310,131310,85880,35240,13380,20020,20730,428860,14190,42190,72890,230040,6140,14830,48580,428860
Nov-02,133220,127340,85500,32930,15390,22930,19710,437020,11970,44770,76870,243060,6140,8490,45730,437020
Dec-02,120330,136650,153690,71710,17450,19000,15130,533970,5000,29050,141610,297200,4430,6880,49810,533970
Jan-03,106500,102320,76740,38940,15510,22120,34510,396650,5540,32370,69290,204170,7380,30040,47860,396650
Feb-03,120510,111960,77920,36880,13330,22840,44050,427480,9450,40690,69560,213090,5860,45450,43390,427480
Mar-03,117990,115520,76870,33230,11170,16890,20800,392470,11070,40700,74890,199010,5020,17260,44510,392470
Apr-03,81240,100330,76410,27140,9600,12220,14560,321510,8280,27220,77500,159290,4210,9780,35240,321510
May-03,84680,76210,50380,18850,8010,10870,11900,260900,14800,33890,52680,119290,4310,7950,27980,260900
Jun-03,84040,96430,62440,28880,11950,12350,12170,308270,8750,32030,59850,156500,5460,12480,33190,308270
Jul-03,97790,114760,92220,45260,13070,21760,30660,415510,17280,36600,71850,197300,8120,42030,42340,415510
Aug-03,107440,105680,80780,26040,7910,14660,19720,362250,14470,38650,63970,190710,8120,13960,32380,362250
Sep-03,110600,119700,73930,27930,10480,19130,23830,385600,18260,40410,71760,197360,8600,12940,36270,385600
Oct-03,130440,118040,86530,37000,14620,21990,26710,435330,12380,45220,79420,230470,9660,15950,42230,435330
Nov-03,149870,140550,93180,34360,14410,22490,18430,473280,13670,49380,87320,262350,8620,9690,42250,473280
Dec-03,128850,146360,161010,74440,17930,20260,17760,566600,8580,30310,154120,311020,8530,8130,45910,566600
Jan-04,115470,111310,77240,36610,15290,24620,39640,420170,4720,32090,74140,219160,12120,34900,43050,420170
Feb-04,128730,112240,82830,38370,14570,25720,52370,454820,12110,48190,77650,214100,10370,51970,40420,454820
Mar-04,139180,117970,84300,36380,12480,19840,22130,432280,13140,48990,86710,219250,8360,17260,38570,432280
Apr-04,120310,124980,84100,25150,12210,16760,19270,402790,10720,35170,89280,202580,8810,16430,39800,402790
May-04,127080,101300,52980,20140,9400,15300,15070,341260,12620,44770,60690,170280,9050,10100,33740,341260
Jun-04,118550,110190,67170,29720,12230,14360,15060,367280,10340,37700,68900,188380,9050,16420,36500,367280
Jul-04,114520,118890,114000,50540,14440,28170,26970,467550,15770,40460,86330,243270,6880,53030,21810,467550
Aug-04,131860,117050,89280,27030,7860,15710,14260,403060,17020,46310,74280,230090,6120,15700,13530,403060
Sep-04,125790,114530,77240,30010,10720,18260,16960,393510,18140,42450,87470,211980,6130,12210,15150,393510
Oct-04,145320,117150,92060,37160,15880,20520,19290,447380,16920,46970,92630,248800,7550,15900,18610,447380
Nov-04,167640,125390,90930,39150,16080,22880,15940,478020,17700,53560,96390,275280,7640,9850,17590,478020
Dec-04,140570,140610,176580,78130,19450,20970,15090,591390,7760,32710,176430,342970,7210,9300,15020,591390
Jan-05,141280,97530,90860,46520,17130,28310,35300,456920,14080,36900,90900,244920,8960,38530,22640,456920
Feb-05,153930,124400,92130,43770,14320,28640,41610,498780,11360,45200,94010,272700,6570,54010,14910,498780
Mar-05,166940,130110,112260,41340,13850,19060,18530,502090,15520,45330,118340,279410,8600,17710,17180,502090
Apr-05,140520,117160,77900,27190,12110,16380,15300,406580,13440,43470,90410,220530,6460,15380,16890,406580
May-05,136320,97660,61650,20910,9670,12390,12700,351290,14550,48170,70170,185280,6240,10460,16410,351290
Jun-05,136420,96060,72140,29850,13930,15080,13530,377010,10250,41850,81770,202910,7430,15830,16980,377010
Jul-05,133080,120830,117080,52190,15050,28720,30090,497040,16150,45170,90770,254200,9860,57580,23320,497040
Aug-05,148440,117270,98020,26010,8950,16140,14430,429260,22740,47890,76010,238680,11130,16270,16530,429260
Sep-05,138800,111740,80650,30490,12180,19230,18990,412070,18690,44640,89300,216190,10450,14670,18120,412070
Oct-05,156930,119890,96460,34870,15330,20580,17810,461870,16290,50010,92370,255060,13860,15130,19150,461870
Nov-05,173550,115340,89730,35300,16400,23860,16490,470670,22860,56410,95660,252280,11950,11400,20100,470670
Dec-05,145290,134840,180490,79230,21010,24140,14250,599250,6770,33740,185650,333520,14010,11140,14420,599250
Jan-06,138660,106310,92610,46460,19590,26060,31710,461400,6980,38710,89210,256660,14700,35310,19820,461400
Feb-06,151700,98140,92920,45120,16150,33600,47360,485000,14020,51440,90190,237060,12200,60850,19250,485000
Mar-06,169440,110910,101940,38550,13480,20630,18510,473440,13730,53620,103700,246760,12690,18180,24760,473440
Apr-06,142390,121320,95860,29010,13040,17220,16210,435040,12580,43620,107870,226260,12930,16100,15680,435040
May-06,138410,88290,59100,20550,9080,15340,12170,342940,14090,50290,67410,172090,12650,11250,15160,342940
Jun-06,132980,95160,73370,31860,14590,16130,15580,379660,16590,43670,82450,188360,12850,18070,17660,379660
Jul-06,122850,117860,109160,52050,15720,30540,30030,478190,19660,49440,88250,227630,14370,57840,21000,478190
Aug-06,142470,109050,89140,26380,8780,18230,16140,410200,19900,49360,78240,216420,13570,17110,15600,410200
Sep-06,139650,117100,81180,30660,12380,21950,20530,423460,20070,46520,91620,218430,14440,14730,17650,423460
Oct-06,162730,122900,92030,36390,15640,22360,20870,472930,20790,53610,96990,251380,15240,16440,18480,472930
Nov-06,174220,121730,94730,37080,18000,26240,18000,489990,15660,58930,102250,265940,14900,12980,19320,489990
Dec-06,155160,134560,202140,86310,22600,24320,15800,640870,8920,34530,192590,360600,17950,11420,14860,640870
Jan-07,132970,94280,89580,46170,20340,30620,37060,451030,10210,43580,89810,229310,16260,40490,21370,451030
Feb-07,157290,117660,98560,45640,14470,33370,43170,510170,11870,51610,98070,260980,14710,54750,18170,510170
Mar-07,174360,122680,116850,44100,15320,21990,24720,520020,24300,60480,116920,252540,14710,24640,26420,520020
Apr-07,146460,119130,89120,29300,13530,18620,18790,434940,15130,47960,101680,220540,14020,18020,17590,434940
May-07,146560,94790,59410,23050,10340,15210,15370,364730,14930,53500,77660,174820,13680,12630,17510,364730
Jun-07,135110,102610,75950,34840,15440,18580,15440,397960,15800,48240,86170,195360,13790,20320,18290,397960
Jul-07,132180,110400,111340,51260,14800,32670,30150,482790,21760,49960,91460,226720,13820,57910,21160,482790
Aug-07,154070,113380,91590,28590,9400,19840,17890,434750,17830,52970,88060,225540,15530,18160,16660,434750
Sep-07,140550,117560,86990,32980,12870,21540,21620,434110,21930,50500,99760,213200,14620,15700,18390,434110
Oct-07,162490,116690,93720,39100,15100,21700,20050,468840,19930,57530,99180,239960,14680,16880,20680,468840
Nov-07,184340,121970,90450,38760,18700,25700,19300,499210,21490,57150,113910,256040,17290,13440,19900,499210
Dec-07,154790,129650,183500,85850,21510,24360,15160,614830,7940,35600,195860,330010,17530,11730,16170,614830
Jan-08,129860,88500,89750,46650,19290,30010,36580,440630,9850,42270,89620,218680,18450,41070,20690,440630
Feb-08,172950,124150,100740,49660,15630,35160,48120,546410,17140,59610,105780,263350,18200,61420,20920,546410
Mar-08,169830,123010,114120,42910,13950,24060,25830,513720,16570,57040,128140,249830,16260,26940,18930,513720
Apr-08,149700,110530,80750,32560,13050,18710,19010,424310,14690,60040,103650,195880,15670,15970,18420,424310
May-08,148820,100060,63110,24820,10680,16760,15780,380020,16070,52910,86300,181720,13440,11770,17810,380020
Jun-08,126270,90660,75240,36140,16800,19840,17500,382460,13890,47910,90270,177860,15770,17510,19250,382460
Jul-08,130390,129380,138020,52740,14280,34730,30920,530450,39090,51890,90310,220680,15830,58030,54620,530450
Aug-08,141650,104120,90350,27980,9830,23590,21230,418750,17790,50660,91950,203000,15250,21150,18950,418750
Sep-08,124310,101390,81580,33180,12850,22450,24250,400010,17060,48080,100930,186240,16670,14000,17030,400010
Oct-08,145400,107430,98930,38690,16180,24350,24770,455740,18090,54720,105030,222970,15950,18260,20730,455740
Nov-08,158750,112650,90650,39910,19000,27620,21770,470350,15060,54320,115950,236290,16070,12970,19690,470350
Dec-08,132560,135660,191800,86590,22240,25590,17360,611800,8970,31150,206550,318910,17800,11900,16530,611800
Jan-09,110310,113260,88820,46740,19110,31490,42150,451880,7020,34080,99750,227960,19990,41330,21760,451880
Feb-09,139300,102610,97130,47790,16060,40390,58490,501770,11960,47890,109860,225520,16810,68430,21310,501770
Mar-09,151330,119010,101510,43590,14930,26730,29750,486840,12800,54170,123890,232880,16150,27750,19200,486840
Apr-09,136290,129370,94950,34370,13880,21620,22350,452830,9700,39360,130530,219070,15060,20440,18660,452830
May-09,126310,105070,67440,26420,10800,19070,17820,372920,12330,43580,101410,171320,13640,13620,17010,372920
Jun-09,102470,97310,72150,36260,15210,19010,19880,362280,11190,41940,97620,162300,13240,18740,17250,362280
Jul-09,107720,103600,107510,50810,14620,37840,36860,458960,15870,44110,112860,188240,13970,61040,22880,458960
Aug-09,127730,112580,87680,29330,10010,23550,22270,413160,17350,45770,99420,193880,15330,21300,20110,413160
Sep-09,128100,124850,85110,35160,12060,25430,26590,437290,15630,44650,115930,207650,15640,16820,20980,437290
Oct-09,143330,124990,102630,42900,17370,27380,26210,484820,16820,48930,121730,236840,15490,21340,23670,484820
Nov-09,153600,121480,96190,42850,20090,28360,22670,485250,16750,56660,128760,232460,14920,15590,20110,485250
Dec-09,134180,147000,205680,90990,23690,28210,19620,649360,9660,32060,229180,328580,16760,13940,19180,649360
Jan-10,114440,94360,91910,46970,20410,35200,45440,448710,7350,40930,106320,205940,18970,46970,22230,448710
Feb-10,155160,135510,102420,49230,16250,41680,59880,560130,14010,54210,118060,261620,17680,73170,21380,560130
Mar-10,161950,126000,113590,47230,14890,28950,33720,526330,14290,58740,139360,243320,16870,31690,22060,526330
Apr-10,141480,121310,77980,31280,12880,22180,21790,428900,14650,47370,117600,195900,14750,19250,19380,428900
May-10,138840,96050,63370,26650,11620,20270,18170,374960,14780,56420,93300,165930,13450,13240,17830,374960
Jun-10,127620,106980,75530,35660,16070,21650,20190,403700,18920,46650,103480,181850,14690,20170,17940,403700
Jul-10,129670,124030,107340,53150,16790,41340,38610,510930,20110,49020,111900,222430,15690,69080,22690,510930
Aug-10,147630,122050,89770,31510,10820,26240,23290,451310,17750,53230,107370,214870,15000,23940,19150,451310
Sep-10,145090,132500,91810,36260,14550,27470,28000,475680,18840,49810,121040,229220,16900,17870,22000,475680
Oct-10,158180,125250,95670,42860,17320,27760,27430,494460,17530,56630,124060,236050,16380,19840,23980,494460
Nov-10,178980,129970,92760,41880,20900,30060,23550,518090,20330,62930,131680,247050,16910,15980,23210,518090
Dec-10,150920,150750,210550,93540,22920,28870,20810,678360,8830,37860,239650,340670,17280,14260,19810,678360
Jan-11,128050,103040,94080,50120,20030,33570,44900,473780,7530,50490,109140,219150,20440,42520,24520,473780
Feb-11,162300,127940,95930,48440,17030,45330,68160,565140,14030,59250,118570,242410,20020,85710,25170,565140
Mar-11,161450,122760,94420,44690,15470,28930,32380,500100,17490,62370,131880,215990,17000,29290,26080,500100
Apr-11,132890,128930,103480,35950,14500,22620,21940,460320,12090,44810,144690,206150,16290,16610,19690,460320
May-11,137270,101410,62520,27150,13130,21440,21590,384520,15130,60880,96080,158730,15650,18470,19570,384520
Jun-11,128780,100060,66140,34520,15560,21050,21570,387680,13070,49610,99340,170030,16130,18160,21340,387680
Jul-11,129320,123540,105620,50920,16970,40810,38470,505640,19310,54510,116210,206730,17200,67120,24560,505640
Aug-11,151580,132900,86990,32570,11760,26090,25120,467010,16780,53480,110030,224630,17590,23350,21150,467010
Sep-11,140230,104100,77720,36880,14650,27450,30010,431040,18370,52050,113920,185260,18900,18440,24100,431040
Oct-11,159040,129210,94100,42800,18490,27980,27900,499530,22330,58060,121810,230520,20820,20180,25810,499530
Nov-11,178160,128630,93870,44660,20900,30310,26230,522760,22050,69710,133970,239130,18710,15590,23600,522760
Dec-11,144990,157900,205760,88830,24250,31210,21850,674790,7940,35240,245100,333680,18060,15030,19750,674790
Jan-12,126780,127130,97940,49710,20330,35110,44990,501990,9290,42530,117810,243620,24990,40730,23030,501990
Feb-12,158570,116820,103300,52510,16560,46600,71370,565750,16420,63410,128620,228390,19950,85710,23250,565750
Mar-12,172420,136950,110920,47380,15640,28370,32140,543830,16790,58770,151910,246410,19980,27950,22020,543830
Apr-12,144480,133600,86340,34930,14860,24530,26360,465100,13220,50080,130030,207190,20390,19930,24250,465100
May-12,144460,102880,61650,28500,12540,21580,21820,393430,20320,60830,100540,161020,17670,13310,19740,393430
Jun-12,127890,112710,74510,39100,17700,23910,24690,420510,14440,48800,112650,186580,18320,19240,20480,420510
Jul-12,125490,121000,99720,52330,16440,43380,41520,499860,19010,51900,113560,202350,19040,68520,25470,499860
Aug-12,156600,144350,94890,32640,12000,29780,28480,498740,20980,52650,119750,237590,22600,25030,20140,498740
Sep-12,140270,124620,93480,37670,15210,29790,34430,475470,23530,55630,127590,204890,18840,19970,25020,475470
Oct-12,167670,132150,96000,42110,19070,30750,33260,521010,21610,63030,130210,241750,19310,18760,26340,521010
Nov-12,187190,141520,100890,44620,21270,33470,31130,560100,19770,62620,148650,269550,17240,15990,26280,560100
Dec-12,151630,168950,222290,94680,26380,31900,25480,721320,11190,38680,264130,353740,17640,15760,20180,721320
Jan-13,131110,101600,94030,50850,21180,37510,52390,488670,7700,43210,116080,223070,27260,42550,28810,488670
Feb-13,175720,155690,109600,50340,17110,44190,64310,616970,14240,58660,136420,288370,19860,74540,24890,616970
Mar-13,183410,144660,122970,46210,16440,33640,41530,588870,13140,57370,172020,267140,21360,33520,24310,588870
Apr-13,154270,121840,80030,33590,15910,26320,29570,461540,15630,56390,123830,203150,19150,21560,21820,461540
May-13,155750,109580,61670,28680,12600,22160,22890,413330,18670,56760,107620,177900,15060,15020,22300,413330
Jun-13,135380,117190,85240,42010,18430,25350,23920,447520,16330,49460,117940,206920,16660,19960,20250,447520
Jul-13,138300,128260,111320,51280,17270,42460,42020,530910,15850,55270,126650,222430,16390,68010,26310,530910
Aug-13,170020,155660,97210,33490,12880,30750,29330,529350,19130,49780,129380,265820,17120,27090,21040,529350
Sep-13,151590,133570,87780,39280,16750,30270,34650,493890,17640,52860,141780,221670,18360,17760,23820,493890
Oct-13,176070,141030,97360,42420,20850,31900,33130,542760,21140,56660,149660,249090,19750,21920,24530,542760
Nov-13,186360,153130,105840,46330,23850,33790,28840,578130,19140,62880,162670,273440,17800,16770,25420,578130
Dec-13,164520,196780,246520,98350,25820,34150,23610,789760,14680,39600,298440,385710,17320,14040,19960,789760
Jan-14,147930,134950,113720,56480,23110,37270,49060,562510,7780,41160,149480,273520,27930,37670,24960,562510
Feb-14,187490,150610,112810,54580,18250,46990,66900,637630,13110,57830,155520,288180,20630,75410,26950,637630
Mar-14,200990,154570,110240,46070,17590,32830,38530,600820,17610,62320,166600,280510,18370,31760,23650,600820
Apr-14,155850,153010,109210,37810,18270,26210,28190,528560,12760,45660,168280,244620,16800,19770,20670,528560
May-14,172510,133720,72940,30160,14770,25300,23470,472880,27630,57110,126950,208560,14930,15660,22050,472880
Jun-14,142070,127980,76910,40750,19340,26420,24430,457900,16560,51000,129060,207810,14970,19060,19420,457900
Jul-14,148230,159960,119160,55440,17890,45540,43430,589650,24700,47980,139090,271210,16540,67650,22480,589650
Aug-14,172020,152170,102740,35310,14560,32700,31410,540910,21020,53840,131920,263450,17060,30070,23540,540910
Sep-14,160240,144580,94000,40890,16840,31510,33690,521750,22520,50790,144780,243580,19010,18230,22830,521750
Oct-14,189080,158140,104470,45740,20720,33060,35460,586680,22750,59430,151570,265780,29010,26270,31850,586680
Nov-14,205190,165790,105720,47690,23510,33860,29460,611230,29430,63480,166530,275790,26070,20380,29550,611230
Dec-14,167050,198690,255220,102640,27710,35500,25020,811830,9840,35350,309900,378920,33500,18100,26230,811830
Jan-15,142810,119860,108100,54790,24050,42690,55130,547430,10930,41600,156120,228910,32370,47760,29740,547430
Feb-15,192820,204340,141520,60000,19590,46020,61770,726060,14450,54030,182970,342810,31270,73800,26720,726060
Mar-15,208360,176590,138610,50630,19070,38970,47040,679270,16540,59860,197270,308350,24110,42940,30210,679270
Apr-15,176170,161100,93990,38530,17640,29220,33500,550150,17560,49390,159190,247460,26120,26290,24150,550150
May-15,182520,134490,72660,30420,14500,25110,25970,485660,18300,55750,129040,214910,25370,18910,23380,485660
Jun-15,154100,130590,83340,45540,20750,26880,26950,488150,16130,48210,135800,213990,25130,25460,23430,488150
Jul-15,163220,166120,125650,57270,18190,50410,47410,628270,15380,46810,152820,271370,28250,84530,29110,628270
Aug-15,182560,166420,106070,35870,15140,35070,33000,574140,17850,49440,153840,269060,26710,34850,22390,574140
Sep-15,170600,167870,103840,42040,18520,32650,36480,571990,20130,48450,172830,265520,21990,20420,22650,571990
Oct-15,199690,171590,112210,47340,23400,35790,35780,625800,23390,53900,157870,314870,21260,27720,26790,625800
Nov-15,224070,188650,117870,48320,25620,35690,31320,671540,23080,62730,162210,342780,27090,29880,23770,671540
Dec-15,195350,227290,273530,107630,32510,37160,27850,901320,7490,31830,309180,476820,27430,26960,21600,901320
Jan-16,158070,144550,126290,61490,26180,44880,56220,617670,9380,39190,141100,318620,26490,52540,30360,617670
Feb-16,218110,220670,144750,60330,22210,55140,77400,798610,16920,57490,166240,411650,23670,94110,28540,798610
Mar-16,229710,217050,151860,56090,20510,38200,43930,757350,16210,56020,203430,397040,23260,36620,24760,757350
Apr-16,199090,183660,101640,40260,19890,32170,33780,610500,19490,52050,153910,310130,18450,27080,29370,610500
May-16,195080,160540,80890,33030,17110,26880,27750,541280,17020,56800,126370,273960,18240,19350,29540,541280
Jun-16,169060,164560,93800,46740,21360,30320,29230,555070,13890,47980,147610,277630,20010,24990,22960,555070
Jul-16,173390,198750,146930,63830,20930,56770,55180,715780,18530,49320,152870,344480,23400,97020,30160,715780
Aug-16,197580,189540,120290,37140,16650,37270,33670,632140,16840,51810,144560,340540,19600,31590,27190,632140
Sep-16,192440,199200,115720,44090,20500,36400,38700,647040,22680,48700,168600,329200,23770,26920,27170,647040
Oct-16,213430,193970,136890,49760,25180,39710,36970,695920,21890,56420,161380,345940,31860,41090,37350,695920
Nov-16,240900,201660,127600,50660,27500,39390,34110,721830,21860,64000,178660,384920,22330,23220,26840,721830
Dec-16,204550,257070,299410,111000,34440,39730,29940,976150,11030,32230,335630,515890,28100,27030,26230,976150
Jan-17,178560,197500,153340,63960,28240,44520,57870,723990,16160,40370,155430,392440,35110,58920,25570,723990
Feb-17,213520,181920,145790,66300,24800,66010,89230,787580,18090,59250,173020,358810,31630,120330,26440,787580
Mar-17,250660,212440,140910,59370,23230,41780,43850,772230,19510,62390,197560,404940,21010,41180,25640,772230
Apr-17,205580,220260,137070,43490,24010,32680,36930,700010,16980,45810,189970,366370,22200,34890,23790,700010
May-17,199700,174420,90520,36450,19260,29050,29690,579090,20520,57500,142390,297530,18350,21630,21170,579090
Jun-17,186630,175140,103560,52010,24090,32330,32240,606010,17680,50640,163990,300790,22900,28790,21230,606010
Jul-17,175210,203130,154660,67460,23560,65160,57220,746410,25890,55120,180340,332950,16780,107400,27920,746410
Aug-17,217050,225330,126740,41960,19360,38080,34380,702900,28310,56940,182190,359360,17610,35080,23410,702900
Sep-17,194900,201220,119450,47160,23810,38910,38130,663590,28350,55240,198240,309320,19880,27660,24890,663590
Oct-17,225030,224790,128890,52790,28840,41640,39380,741360,31730,67220,204680,356260,19550,36520,25390,741360
Nov-17,248430,228240,140250,55820,28520,41610,34220,777090,29200,71630,230170,380920,17190,23840,24140,777090
Dec-17,197550,272660,317310,117160,36090,42450,31840,1015040,14600,37750,418420,487950,14410,23820,18090,1015040
Jan-18,165320,172690,144930,69370,32110,51480,66680,702580,13310,47260,199220,323630,25330,68400,25420,702580
Feb-18,221620,267040,183970,67470,24680,66410,83350,914530,19980,63320,227550,449380,17550,111350,25400,914530
Mar-18,253710,244570,179800,65500,27700,49730,51350,872350,24040,65370,277620,408660,17980,49290,29400,872350
Apr-18,196060,208390,120480,46540,26220,41140,40950,679780,23070,58330,206060,309640,17270,38890,26520,679780
May-18,207600,181680,91650,39050,22200,34070,33190,609450,32240,61860,184850,270190,15580,23610,21120,609450
Jun-18,188770,195740,115720,49680,25660,37530,33550,646650,21630,51100,205960,301160,15270,31790,19740,646650
Jul-18,173870,214530,158910,66620,24490,74920,61020,774360,28520,56980,199130,330840,14260,118840,25800,774360
Aug-18,224220,245380,130570,41810,21900,41710,36130,741710,25450,58590,204640,376230,15790,38520,22490,741710
Sep-18,192420,214640,126420,48850,27070,41390,39410,690190,31780,59790,203970,318330,19060,31580,25690,690190
Oct-18,227730,224960,133050,53120,31370,44110,39610,753960,35350,64580,219580,351170,18460,36100,28720,753960
Nov-18,249840,242930,142710,54370,31440,44100,36770,802160,33200,66360,236530,390830,17430,26370,31440,802160
Dec-18,202470,291190,329940,121010,38600,43540,31140,1057900,14990,38880,425550,509280,14860,25810,28530,1057900
Jan-19,169170,185060,158100,68430,33300,51560,65510,731130,13520,47770,197380,353090,26580,65240,27560,731130
Feb-19,229510,263030,170410,66830,29090,75000,93380,927240,22530,62460,232090,441800,20300,121260,26790,927240
Mar-19,256490,243670,148830,57870,28340,50610,50540,836350,29750,69040,239850,400350,17360,52260,27750,836350
Apr-19,193700,219840,141780,47200,26550,34130,37170,700370,21570,48090,236910,323290,14970,32900,22640,700370
May-19,215050,209950,102410,42050,24830,37420,36570,668280,30390,58440,197500,314820,17140,28090,21890,668280
Jun-19,185750,205770,113080,52980,27910,38700,36150,660340,23860,53300,199820,311440,15910,35040,20960,660340
Jul-19,174950,226210,165910,68820,26130,71990,56370,790380,29110,56030,208710,347490,14520,108020,26500,790380
Aug-19,230550,267540,137570,41390,22470,51700,37990,789200,33330,54620,210020,401070,16360,48400,25400,789200
Sep-19,196470,214670,120140,49610,27450,45660,40960,694960,32570,58220,212680,311880,19280,34860,25470,694960
Oct-19,237620,230660,132610,54810,33220,46350,38760,774020,35230,62290,224700,361630,19610,40030,30530,774020
Nov-19,254090,243980,142410,56030,35530,46070,37790,815910,40100,67070,242730,393980,18840,27160,26020,815910
Dec-19,218240,297290,321810,121180,40670,45710,32820,1077720,17700,38460,443530,514880,14780,27160,21210,1077720
Jan-20,176220,211830,161040,67220,32790,50270,67220,766590,11690,40320,210820,377820,29800,66180,29950,766590
Feb-20,184670,149720,139130,63320,26490,57750,64330,685410,19260,53460,209610,285580,20320,72520,24660,685410
Mar-20,79230,70230,62370,31630,16350,34110,37970,331890,6950,21920,112410,124450,10980,40680,14490,331890
Apr-20,840,40,160,210,260,550,190,2250,0,150,810,150,160,30,950,2250
May-20,1570,50,210,410,390,550,270,3440,10,300,1260,120,280,60,1410,3440
Jun-20,2240,60,390,610,610,1060,420,5400,20,530,1980,130,570,90,2080,5400
Jul-20,880,40,340,670,490,740,370,3530,10,420,1430,120,450,100,1000,3530
Aug-20,690,40,350,440,430,690,410,3030,10,410,1110,50,480,70,910,3030
Sep-20,500,60,220,530,460,980,970,3720,10,530,1360,70,790,100,860,3720
Oct-20,660,110,580,1010,990,1530,1190,6070,30,910,2420,140,1160,140,1280,6070
Nov-20,650,170,600,1390,1620,2020,1130,7570,20,840,3950,290,1120,90,1240,7570
Dec-20,450,170,860,2080,1640,2180,1450,8820,40,580,5350,420,1110,200,1120,8820
Jan-21,540,140,560,1990,1200,1700,1860,7990,40,1330,2810,230,1450,450,1680,7990
Feb-21,460,150,630,1090,900,1500,1530,6260,20,910,2450,180,1140,440,1110,6260
Mar-21,500,190,930,1620,1200,1820,2050,8320,50,1100,3610,270,1800,220,1260,8320
Apr-21,5640,5480,4030,2240,1280,1860,2090,22610,110,2230,14520,1970,2040,210,1530,22610
May-21,10870,8500,6650,3340,2000,2340,2490,36190,560,5070,21520,4070,2650,340,1980,36190
Jun-21,9430,8800,6820,4450,2410,2190,2680,36770,400,3900,21110,5660,2630,320,2760,36770
Jul-21,2590,4470,4110,2600,1440,2100,1420,18720,70,1450,11000,2670,1520,490,1530,18720
Aug-21,1020,130,490,1000,810,1400,1540,6390,20,710,1700,120,1800,140,1890,6390
Sep-21,290,100,390,780,490,990,1390,4430,10,500,970,40,1440,60,1410,4430
Oct-21,330,140,630,570,440,750,1560,4410,0,550,900,50,1870,80,960,4410
Nov-21,1210,1970,3310,4050,3290,4000,3030,20860,190,1350,14020,1250,1780,240,2030,20860
Dec-21,1900,4480,18720,18770,9020,10420,9980,73290,450,1830,53400,4860,2630,5410,4710,73290
Jan-22,2350,3050,9770,11140,7040,8870,11700,53920,430,2450,33800,3690,3770,6120,3660,53920
Feb-22,3940,7220,16380,14490,7590,12420,18700,80740,870,4770,47680,5760,4320,13130,4210,80740
Mar-22,15970,26330,39440,27200,13530,19610,19650,161720,2540,14190,101670,21450,6960,9040,5880,161720
